1,-1.5012,4.0438,10.628
2,-1.1923,4.5586,7.8386
3,-1.2737,4.7501,8.8921
4,-1.5897,6.3782,8.9064
5,-4.0055,15.234,16.046
6,-4.7884,15.677,8.9471
7,0.3711,4.944,7.6112
8,-0.53391,-3.3495,4.4867
9,-0.15802,-5.7293,-2.0686
10,3.9887,-8.6981,-4.0462
11,-0.27533,-23.655,-6.2968
12,-22.144,-78.448,2.059
13,-78.451,19.247,-25.177
14,-24.031,20.049,15.807
15,-9.2512,-11.772,9.3853
16,0.56024,-7.1778,1.8364
17,-6.62,-0.009577,-3.0263
18,-8.7005,2.3463,5.4229
19,-5.43,3.1747,7.3909
20,-7.1371,2.9401,4.0079
21,-6.8402,3.3016,2.7964
22,-12.641,-2.2146,4.4867
23,-10.297,-3.4979,4.9991
24,-13.467,-3.2346,3.7206
25,-7.774,-1.9321,11.052
26,-8.7532,-0.031125,0.38307
27,-6.608,-2.2936,1.2905
28,-14.284,-1.3743,-1.7837
29,-9.2967,-5.1643,1.4485
30,-9.73,-5.4372,2.8754
31,-7.3023,-7.0246,-1.2306
32,-5.5115,-3.5123,-0.086191
33,-10.092,-3.9959,0.41659
34,-8.8418,-3.735,-0.27773
35,-9.0812,-9.4786,-3.0742
36,-6.541,-7.6423,-0.73502
37,-9.3087,-2.6815,1.5323
38,-7.5489,-10.242,-0.44293
39,-9.2847,-6.2201,3.1915
40,-7.6471,-4.0294,0.42617
41,-7.3741,-5.7221,-1.0391
42,-8.825,-7.4364,2.0375
43,-3.8451,-4.5993,-3.62
44,-9.2368,-7.4101,-0.30406
45,-9.596,-8.7939,1.6592
46,-1.6927,-7.7692,1.3072
47,-8.8609,-5.6479,0.18675
48,-8.3725,-3.9648,-0.42377
49,-8.9974,-3.6727,-1.1133
50,-9.3565,-3.8475,0.3735
51,-9.4906,-3.711,2.3224
52,-11.519,-5.3008,4.0031
53,-6.6415,-2.2266,-1.6664
54,-9.6678,0.009577,4.4628
55,-7.2113,-3.1675,1.4006
56,-6.6319,-2.1715,5.1739
57,-12.493,-2.4924,4.0486
58,-10.855,-1.1372,1.4844
59,-9.6151,-3.723,0.26336
60,-8.3558,-6.7086,2.0638
61,-9.0309,-3.3758,-3.735
62,-8.3725,-4.9919,1.1229
63,-7.8769,-4.628,-0.79487
64,-7.6998,-4.1252,-2.1572
65,-9.2727,-3.8762,1.2186
66,-11.246,-2.6959,-2.5714
67,-11.629,-2.3774,-1.1803
68,-9.8593,-3.893,0.32082
69,-8.6862,-8.193,-1.1444
70,-8.9423,-7.003,-1.2378
71,-7.2089,-1.6855,-0.77093
72,-8.2049,-1.1253,0.14605
73,-6.0956,-1.0247,2.0016
74,-14.023,-1.7765,4.4867
75,-11.806,-3.4046,1.1277
76,-8.0493,-7.3789,2.0614
77,-7.9272,-3.4069,-3.304
78,-8.8992,-4.1252,-0.98881
79,-9.0429,-3.9456,1.9417
80,-8.7197,-2.5307,-1.494
81,-8.3222,-3.8427,0.29688
82,-10.812,-3.0071,-1.7262
83,-13.154,-1.9225,-2.6911
84,-10.783,-5.8682,0.91937
85,-7.6974,-8.4659,-1.1396
86,-9.2368,-3.1196,-1.7645
87,-8.4707,0.55546,-0.36871
88,-5.7628,-2.1332,0.18914
89,-7.2449,-1.6879,3.1101
90,-11.571,-1.0127,2.9161
91,-11.353,-3.9385,0.11732
92,-8.1163,-6.5505,0.67277
93,-9.0094,-2.569,-4.3646
94,-8.576,-3.5243,3.1532
95,-7.7165,-3.6823,-4.5107
96,-8.9399,-3.122,0.84755
97,-9.9144,-3.8571,-0.22266
98,-12.977,-0.54109,-1.0558
99,-10.769,-2.988,-0.58179
100,-9.7707,-8.2504,-1.98
101,-5.6814,-7.3646,-1.4676
102,-10.252,0.55546,0.37589
103,-7.6327,-1.7478,-0.33998
104,-4.5418,-2.9497,0.77812
105,-17.044,-2.6217,7.252
106,-11.387,-2.2362,0.31604
107,-9.2751,-7.5944,-2.5786
108,-7.3382,-3.4046,-2.3631
109,-8.7053,-4.4987,-1.5083
110,-7.6926,-3.4955,-0.85952
111,-8.7532,-3.6583,1.7047
112,-9.4571,-2.5402,-0.66559
113,-11.416,-0.38547,-2.2338
114,-12.617,-3.4644,-0.64883
115,-8.7604,-5.047,-1.5658
116,-9.5816,-9.2081,-0.83558
117,-8.7293,-0.46208,1.8004
118,-7.6279,-0.64883,-0.59855
119,-5.5115,-1.2522,0.54588
120,-9.9575,-1.2833,2.3822
121,-13.573,-4.3694,5.0518
122,-9.9096,-6.0286,-2.5019
123,-8.1499,-3.0191,-1.834
124,-7.7572,-5.4851,-1.1229
125,-9.0309,-3.2872,0.76375
126,-8.8681,-2.8922,-1.1061
127,-8.6981,-2.4014,-0.71347
128,-10.405,-3.4165,-0.65841
129,-13.381,-1.4341,-2.411
130,-9.1722,-5.0446,-0.16999
131,-10.527,-8.4443,0.69671
132,-8.406,-4.0366,-1.9082
133,-8.8394,-0.035913,1.4557
134,-5.9903,-3.201,-0.46208
135,-6.9288,-1.3838,2.1644
136,-14.715,-1.9992,6.3829
137,-12.16,-2.3415,0.79248
138,-7.6926,-7.7692,-1.4796
139,-8.9208,-3.1723,-3.304
140,-7.92,-3.6248,-0.93853
141,-7.6638,-4.2282,-0.58179
142,-8.7508,-2.8252,0.61531
143,-8.7724,-2.6815,0.14365
144,-11.425,-1.415,-1.5874
145,-12.766,-3.055,-2.5426
146,-9.1195,-5.2409,-1.834
147,-9.1674,-8.4372,0.15802
148,-9.6438,-1.5754,-0.61292
149,-7.6591,-0.43814,0.31843
150,-5.6096,-2.1093,0.069432
151,-8.7221,-1.6161,1.6664
152,-13.228,-1.5921,4.3287
153,-11.246,-6.4859,-0.77333
154,-6.2513,-4.1515,-2.071
155,-8.6311,-4.0677,-0.79966
156,-8.6239,-2.4253,0.32561
157,-8.2672,-3.893,-1.6448
158,-9.7348,-2.8898,0.069432
159,-10.163,-3.4333,-0.7446
160,-11.595,-0.48363,-1.5275
161,-10.669,-4.3431,-0.033519
162,-9.311,-5.7964,-1.9752
163,-8.2744,-6.9049,-0.64404
164,-8.995,-1.1779,-0.22266
165,-10.092,-0.62489,-1.4006
166,-4.3981,-1.9776,1.4341
167,-11.463,-2.2458,4.2641
168,-12.455,-2.5402,1.1468
169,-9.1674,-5.3798,-0.42617
170,-6.7181,-3.7804,-1.5131
171,-8.4156,-5.4588,-0.61531
172,-9.1578,-2.4732,2.1955
173,-8.8514,-3.9073,-1.5706
174,-9.1339,-2.5331,0.055067
175,-10.994,-2.1428,-1.7358
176,-13.247,-1.4844,-2.5307
177,-10.022,-5.4612,0.46926
178,-9.5337,-9.019,0.43096
179,-8.8849,-3.6703,-1.4676
180,-8.7508,-0.10774,2.0997
181,-5.7245,-2.2625,-0.004788
182,-7.2568,-0.9481,3.1651
183,-12.486,-2.5857,5.0135
184,-11.076,-2.569,3.1771
185,-6.9552,-6.1028,-1.0894
186,-8.6287,-1.7597,-3.6416
187,-8.588,-4.3694,2.059
188,-7.343,-3.6368,-1.6065
189,-9.0501,-2.8802,0.64404
190,-9.5217,-3.0143,-0.43814
191,-11.329,-0.78051,-1.5897
192,-11.827,-2.5283,-2.0614
193,-10.295,-7.7189,-1.0175
194,-8.0924,-5.8993,-1.5514
195,-8.7173,-0.5794,-0.63446
196,-7.1587,-1.9393,-0.60573
197,-5.4899,-1.494,1.5083
198,-11.37,-1.4653,4.4796
199,-12.658,-2.9329,3.316
200,-10.374,-4.4867,0.004788
201,-7.4244,-4.3814,0.31604
202,-8.4276,-2.5259,-3.0239
203,-8.3869,-2.9544,3.6033
204,-8.2815,-3.0765,-1.1013
205,-8.9064,-2.9521,0.75417
206,-9.8521,-3.2178,-0.61052
207,-12.735,-0.61292,-1.6233
208,-11.89,-2.8898,0.4118
209,-9.3565,-8.4874,-2.1763
210,-7.3765,-6.3183,0.51954
211,-8.0565,-1.8459,0.18675
212,-7.2209,-1.2282,0.46926
213,-6.0765,-1.3886,2.7294
214,-14.248,-1.6448,5.5306
215,-11.183,-1.8459,1.6688
216,-8.8562,-6.2896,-1.1301
217,-7.8314,-2.7892,-3.5051
218,-9.3685,-4.0558,3.0143
219,-7.434,-3.8571,-2.0207
220,-8.4994,-2.7845,-0.22506
221,-9.8952,-3.0311,-0.96965
222,-11.782,-0.64883,-2.6408
223,-11.6,-3.8523,-0.3735
224,-10.125,-7.6136,-0.53391
225,-7.0246,-6.9815,-0.62489
226,-8.6957,-0.79009,-1.5467
227,-7.6974,-0.30646,-2.8874
228,-4.4173,-2.7438,4.1108
229,-15.471,-2.4972,1.7454
230,-11.949,-3.1244,2.4181
231,-5.3846,-5.8538,-2.2936
232,-9.0668,-1.9082,-3.5626
233,-6.8067,-5.5043,1.2905
234,-7.8314,-3.632,-2.1404
235,-7.8003,-3.292,0.019154
236,-11.03,-3.4357,-0.7422
237,-12.536,-1.5514,-2.3463
238,-11.272,-4.0725,-0.35195
239,-8.2744,-8.8274,-0.15802
240,-7.6399,-5.4277,-1.1396
241,-10.309,-0.67277,1.8555
242,-7.7692,-1.6161,-1.4365
243,-3.2058,-2.2122,2.7964
244,-18.191,-2.5881,5.9903
245,-10.901,-1.4174,-0.69192
246,-6.3949,-6.7397,3.4333
247,-8.43,-3.6272,-3.4069
248,-8.5305,-3.0909,1.6759
249,-7.6614,-3.8307,-0.56024
250,-8.3941,-2.6312,-1.3551
251,-9.3422,-2.8299,0.3304
252,-11.609,-2.8323,-1.1157
253,-12.598,-1.0558,-2.3846
254,-9.5505,-7.2616,-0.35434
255,-7.6423,-7.0581,-0.040701
256,-7.8793,-2.0255,-0.75178
257,-9.1482,-0.59137,-1.0127
258,-5.0925,-2.2769,0.73263
259,-8.8466,-0.81642,4.8746
260,-14.217,-0.61292,2.3559
261,-10.116,-5.873,1.0846
262,-7.3287,-5.3558,-0.071826
263,-9.6462,-3.7541,-1.9273
264,-8.9232,-3.3495,3.1891
265,-8.4132,-3.4668,-4.1803
266,-8.9735,-4.0103,2.2051
267,-11.121,-2.5666,-1.2689
268,-12.799,-1.075,-3.0095
269,-11.483,-5.2792,0.74699
270,-8.4515,-8.2791,-0.86431
271,-7.5585,-5.1164,-1.2091
272,-11.238,-0.2083,2.0494
273,-6.6463,-1.4892,-0.16759
274,-4.6543,-1.7478,2.1907
275,-18.605,-3.2609,6.8809
276,-10.144,-2.2769,0.76375
277,-8.2624,-6.45,0.1221
278,-8.2983,-2.6408,-3.6655
279,-8.2744,-3.9337,1.1085
280,-8.0445,-3.6081,-0.89783
281,-8.904,-3.0885,-0.25378
282,-9.074,-2.478,-0.62249
283,-11.032,-2.1117,-1.324
284,-11.672,-2.3056,-2.7054
285,-10.436,-4.7477,0.26576
286,-8.5329,-7.4508,0.2083
287,-9.2177,-3.4261,-0.07422
288,-9.596,0.7039,0.55546
289,-7.0557,-2.4325,-0.72305
290,-4.2545,-2.1069,2.9281
291,-14.897,-0.43814,4.7309
292,-11.507,-4.0534,0.97205
293,-7.3598,-4.7477,-2.6911
294,-7.592,-3.3303,-3.1029
295,-8.77,-3.9816,2.6647
296,-7.8554,-3.5147,-1.2522
297,-8.588,-3.1939,-0.30167
298,-9.4212,-2.2769,-0.29688
299,-11.229,-1.5395,-1.8028
300,-12.208,-2.9712,-2.7749
301,-9.924,-6.2369,-0.043096
302,-7.4244,-7.5106,-0.047884
303,-10.206,-2.2122,-0.59137
304,-7.7835,-0.095768,0.42617
305,-5.296,-1.7765,0.18435
306,-8.8514,-0.94092,4.0701
307,-12.122,-1.0726,4.0869
308,-11.092,-5.3654,3.0933
309,-7.0581,-5.0254,-1.9968
310,-9.0549,-2.6073,-1.9585
311,-7.3215,-4.5681,3.2417
312,-8.1858,-3.371,-2.8539
313,-10.235,-1.5155,0.7422
314,-8.9663,-2.5546,-0.75657
315,-10.75,-1.3312,-1.0918
316,-11.564,-4.2066,0.93853
317,-10.02,-5.6671,-2.9808
318,-7.039,-7.0701,-1.1157
319,-8.6119,-1.2809,-0.83797
320,-7.0222,-1.6376,0
321,-4.9464,-2.1189,1.2354
322,-12.309,-1.7693,4.6208
323,-11.964,-1.6592,1.6807
324,-8.1762,-6.8019,0.80206
325,-8.4228,-3.1388,-2.1787
326,-8.5162,-4.8698,-0.10774
327,-8.497,-3.1125,0.25857
328,-8.1068,-2.8802,-2.7126
329,-9.7444,-2.0566,0.7422
330,-10.235,-2.7078,-1.0582
331,-12.682,-1.1564,-1.9585
332,-10.151,-4.4221,1.0487
333,-10.894,-7.8314,-0.59616
334,-7.0797,-5.3917,-1.4245
335,-11.741,-0.56024,1.3455
336,-6.0956,-1.7885,-0.29209
337,-4.8243,-1.4222,2.2122
338,-17.178,-1.8818,6.7947
339,-12.175,-1.3599,-0.19632
340,-8.6526,-8.1906,1.1349
341,-8.1642,-2.8611,-2.9161
342,-9.0118,-3.5698,1.0918
343,-7.8841,-3.2154,-0.63207
344,-7.8027,-3.2657,-0.88825
345,-9.8857,-1.4078,-1.403
346,-10.731,-2.8467,-1.5467
347,-13.142,-2.4205,-2.8323
348,-10.855,-4.5873,-0.1245
349,-9.9862,-8.3294,0.11492
350,-8.3773,-4.0151,1.2665
351,-9.4092,0.5363,0.86191
352,-5.2505,-2.162,0.26336
353,-6.0023,-1.2881,3.4764
354,-14.715,-0.54109,3.9289
355,-12.239,-3.8954,0.34716
356,-6.8522,-6.0142,-1.1995
357,-9.2249,-3.565,-2.9904
358,-7.4747,-2.818,2.2649
359,-8.6694,-3.0694,-2.2625
360,-8.1954,-3.4692,1.719
361,-9.1985,-2.2027,-0.40223
362,-10.779,-2.0758,-1.5251
363,-12.067,-2.138,-2.2362
364,-11.068,-4.9368,-1.5012
365,-8.9136,-8.2456,-0.68474
366,-8.9663,-3.5171,1.834
367,-9.6486,0.63925,1.1851
368,-6.1028,-1.8483,0.31843
369,-4.7908,-2.047,3.1651
370,-15.486,-1.6041,6.8067
371,-12.076,-1.9537,1.1803
372,-10.027,-7.4651,1.7023
373,-6.9192,-3.6631,-2.8659
374,-9.3972,-2.6695,1.7478
375,-8.157,-3.6128,-1.8627
376,-8.3677,-2.66,1.2474
377,-8.825,-2.2697,-0.79009
378,-11.009,-2.8347,-1.4317
379,-13.032,-3.2801,-2.9832
380,-11.428,-3.6871,0.09098
381,-9.8809,-8.3222,-0.27533
382,-8.9807,-4.2353,0.99599
383,-11.128,-0.73741,1.3288
384,-5.5138,-2.2577,0.055067
385,-3.8882,-1.3527,2.4732
386,-18.766,-1.8507,8.1235
387,-12.285,-1.3982,1.0534
388,-8.1882,-6.7923,0.97444
389,-7.5968,-4.0701,-2.5833
390,-9.5864,-2.5067,-0.26576
391,-7.2449,-3.6871,-0.67756
392,-8.3965,-3.4285,-0.083797
393,-9.6247,-2.1644,-0.826
394,-11.03,-2.6408,-1.4964
395,-13.063,-2.7629,-2.8084
396,-10.963,-4.5059,-0.23463
397,-9.8474,-9.2057,-0.04549
398,-7.8769,-3.2394,1.415
399,-8.4013,0.46208,0.29449
400,-5.6096,-1.7166,-0.30167
401,-5.7341,-1.755,3.6583
402,-13.161,-0.41659,4.2138
403,-12.476,-4.5681,1.4964
404,-5.5282,-5.4731,-0.10774
405,-10.271,-4.0247,-1.4988
406,-7.5322,-2.9449,1.6592
407,-7.7812,-3.2729,-2.7485
408,-9.845,-2.7869,2.2745
409,-9.6391,-1.6568,-0.40701
410,-13.254,-1.9537,-3.158
411,-10.762,-4.221,0.80445
412,-10.86,-8.7747,-0.71347
413,-8.2791,-4.6064,-0.85234
414,-11.813,-0.067038,2.0111
415,-5.351,-2.0303,0.27054
416,-4.6208,-1.336,2.4756
417,-15.414,-2.332,7.6255
418,-12.198,-1.3001,2.7078
419,-8.8035,-7.1515,0.26576
420,-8.6119,-2.7198,-2.7031
421,-8.6311,-4.3527,-0.83079
422,-7.7883,-3.8451,0.51954
423,-9.5672,-3.2034,0.79009
424,-9.2536,-1.4437,-0.89783
425,-10.592,-3.0622,-0.9481
426,-12.598,-3.1125,-2.7869
427,-11.289,-3.5195,0.58897
428,-10.846,-9.0956,-0.57461
429,-9.7396,-2.7438,0.19632
430,-9.4786,-1.1205,1.7789
431,-6.5697,-2.2721,0.25378
432,-6.1483,-2.3798,1.64
433,-13.084,-1.6927,4.4604
434,-11.167,-1.2953,3.4069
435,-9.1842,-3.1627,-0.33279
436,-8.2576,-4.8866,-0.31604
437,-8.7364,-2.9951,-3.6488
438,-8.6215,-3.6128,3.7565
439,-7.1132,-3.1795,-4.6711
440,-8.3079,-3.4453,2.5355
441,-9.8306,-2.2266,-0.78769
442,-11.55,-1.0941,-1.482
443,-11.023,-3.948,0.39744
444,-10.716,-8.4659,-1.3408
445,-8.1187,-4.5346,-0.91698
446,-8.4132,-0.53391,-0.067038
447,-7.2425,-3.3136,0.27294
448,-6.1004,-1.1468,1.336
449,-14.26,-1.7454,4.276
450,-11.516,-1.2163,4.3072
451,-9.2009,-5.3127,2.7078
452,-9.7588,-3.3232,-2.3272
453,-6.7684,-3.3519,-3.5267
454,-8.6598,-4.9488,2.8132
455,-8.2217,-3.8595,-1.494
456,-9.2919,-2.7222,1.7071
457,-9.1267,-2.4086,-0.007183
458,-10.309,-2.4158,-1.7502
459,-12.433,-1.7526,0.2083
460,-10.336,-4.3503,-1.2306
461,-10.489,-6.3063,-1.7454
462,-8.1786,-1.403,-0.9505
463,-9.9982,-1.2115,-0.52433
464,-7.6231,-1.9417,0.1221
465,-5.794,-4.2497,2.4972
466,-14.715,0.85952,3.2489
467,-11.756,-1.6783,-0.93613
468,-12.51,-7.0366,2.8802
469,-7.6447,-2.3272,-6.8594
470,-9.4044,-5.0613,-0.035913
471,-7.1946,-5.0494,-0.55067
472,-8.9184,-3.3806,-1.8004
473,-8.7843,-3.4333,-0.088585
474,-10.065,-4.0989,1.1301
475,-10.927,-3.6009,-1.5706
476,-11.205,-0.75178,-1.0175
477,-9.7348,-5.3893,-1.9992
478,-9.268,-3.8642,-0.83318
479,-9.2847,-2.4253,0.40223
480,-9.3039,-1.8483,-1.1181
481,-9.4571,-2.7054,-0.90022
482,-4.64,-6.3207,2.9568
483,-7.9488,-2.4349,4.5059
484,-12.431,4.1875,-1.2019
485,-14.241,-4.0151,-1.5586
486,-0.67756,-5.7293,-0.031125
487,-11.289,-3.4596,-4.5993
488,-7.7596,-4.6184,-0.23942
489,-8.3031,-4.1228,-1.8771
490,-7.5944,-5.2912,0.9481
491,-8.5617,-5.114,-1.0391
492,-10.987,-2.2745,-0.20351
493,-12.024,-1.6759,-3.632
494,-10.357,-6.6439,-1.2641
495,-9.3518,-5.9831,-0.67277
496,-8.3701,-4.2138,-0.93134
497,-9.651,-2.0686,1.2833
498,-5.94,-1.2761,-0.007183
499,-5.2409,-2.0758,3.5003
500,-13.836,0.27533,4.0749
501,-12.098,-4.1037,2.6432
502,-7.5202,-6.3063,-0.15083
503,-8.7484,-2.7701,-3.9025
504,-8.2337,-3.96,2.6073
505,-7.4412,-4.2114,-1.0511
506,-8.7508,-3.1771,1.5778
507,-8.9447,-2.8587,-0.19154
508,-11.471,-2.0854,-2.229
509,-13.015,-2.4924,-0.88107
510,-8.6431,-8.2121,-0.77093
511,-8.8777,-5.1595,-1.154
512,-9.5241,-1.822,0.51236
513,-6.5697,-1.5682,-0.47645
514,-4.4915,-2.1237,0.97683
515,-11.94,-2.3056,5.624
516,-13.041,-0.76854,3.3399
517,-8.6335,-5.3822,-0.7853
518,-6.3853,-4.367,0.27294
519,-9.2847,-4.5873,-3.5482
520,-7.7237,-3.2513,0.79966
521,-8.7963,-3.486,-1.3671
522,-8.3462,-3.8211,1.3743
523,-10.362,-2.8204,-0.93374
524,-13.058,-1.7358,-2.4804
525,-11.48,-3.9385,0.46208
526,-9.7612,-8.9639,0.50997
527,-7.8554,-4.2018,-2.2362
528,-10.487,-0.064643,1.5969
529,-6.3063,-2.3798,0.21308
530,-4.9057,-2.2601,1.8316
531,-15.316,-3.055,6.9168
532,-13.058,-1.0367,1.0104
533,-8.0086,-6.4308,0.85712
534,-7.0916,-3.225,-1.6328
535,-9.6319,-3.383,-1.7741
536,-7.4962,-3.5865,-0.75178
537,-8.4683,-3.2681,-1.3647
538,-8.6502,-3.1316,1.0894
539,-10.259,-2.9808,-0.69432
540,-12.17,-0.50039,-0.53151
541,-8.8418,-4.9536,0.71587
542,-12.005,-8.1451,0.70868
543,-9.6822,-3.5698,-1.5395
544,-9.0477,0.64883,0.96008
545,-6.2201,-3.5889,-0.40223
546,-6.0382,-1.8818,1.5203
547,-14.408,-2.581,8.2313
548,-11.756,-0.78769,-0.59137
549,-11.195,-9.0716,1.0247
550,-7.2042,-3.3184,-4.968
551,-8.3941,-3.6775,1.154
552,-7.6974,-3.1388,-2.4445
553,-9.232,-2.1021,0.577
554,-9.1698,-2.3798,-0.40941
555,-10.709,-3.0191,-0.56743
556,-12.028,-1.9609,-2.3439
557,-9.9886,-8.9064,-0.4142
558,-8.9543,-6.3805,-0.87388
559,-9.3158,-0.21787,0.20111
560,-6.4069,-2.4493,0.07422
561,-5.8897,-0.98881,0.22984
562,-8.8633,-0.64404,3.0622
563,-12.819,-0.4118,5.0853
564,-11.217,-4.9895,-2.2218
565,-7.1108,-5.2074,-0.40223
566,-8.9807,-3.7565,-3.7493
567,-7.8985,-3.2154,0.23224
568,-7.1946,-3.7278,-2.4038
569,-9.086,-3.2034,2.2266
570,-9.912,-1.7837,-1.2091
571,-12.321,-0.96247,-0.81882
572,-10.202,-4.8602,-0.16281
573,-10.989,-8.3893,0.081403
574,-8.9663,-6.6822,0.19872
575,-9.1602,0.88585,-0.055067
576,-6.0142,-2.7509,-1.0199
577,-5.6743,-1.8723,1.4581
578,-15.309,-0.88107,5.5354
579,-12.704,-1.5203,1.798
580,-7.6543,-8.169,-2.2482
581,-8.193,-2.6791,-2.2529
582,-8.9519,-4.6304,-0.035913
583,-7.1371,-3.134,-0.71347
584,-9.0118,-2.0877,-0.83079
585,-8.8418,-3.7661,0.2083
586,-10.894,-3.6703,-1.3479
587,-11.935,-3.1699,-3.0694
588,-11.557,-2.4541,-0.25378
589,-10.051,-8.7556,0.49321
590,-8.5952,-3.4596,-1.6879
591,-9.8881,-0.016759,0.13886
592,-7.2233,-1.9058,-0.63925
593,-4.4915,-2.9185,1.2043
594,-13.276,-2.4062,6.5386
595,-13.271,-1.3216,0.43096
596,-8.7436,-6.7756,2.1428
597,-6.6631,-3.9169,0.30646
598,-9.1866,-3.3639,-2.4684
599,-8.8059,-2.6504,0.54588
600,-8.2145,-2.9449,-1.0774
601,-8.9543,-3.1244,0.7015
602,-8.9471,-3.2729,-1.0223
603,-12.225,-2.4277,-1.087
604,-12.06,-1.992,-0.8667
605,-8.6718,-7.5106,0.098162
606,-8.7819,-6.5027,0.34716
607,-8.655,-1.6305,-1.5371
608,-6.7229,-1.5299,-0.067038
609,-5.0302,-2.0279,1.1636
610,-8.8753,-0.98641,4.1492
611,-14.779,-2.1261,2.715
612,-8.0397,-8.011,1.3982
613,-8.7724,-3.3447,-2.8228
614,-9.2895,-3.8044,0.26336
615,-7.501,-3.2465,0.44532
616,-8.3534,-3.1101,-1.5802
617,-8.983,-3.0358,0.36631
618,-9.675,-3.7924,-1.166
619,-13.752,-1.8411,-1.8268
620,-12.337,-2.5714,-0.77093
621,-10.01,-9.6941,0.76136
622,-8.3845,-4.3886,-2.4205
623,-10.276,-1.0822,1.2881
624,-6.0837,-2.6983,-0.11732
625,-4.7405,-2.3296,1.6161
626,-18.811,-3.2824,8.1499
627,-10.719,-0.21308,0.58658
628,-8.2289,-8.8322,2.7677
629,-6.9623,-3.3567,-2.8299
630,-10.159,-3.4453,-1.0989
631,-7.9057,-4.0821,0.98402
632,-7.8434,-3.7421,-2.2817
633,-9.2799,-4.4676,1.3575
634,-11.602,-1.8794,-1.5658
635,-12.05,-0.93853,-3.3375
636,-10.951,-5.9664,-0.47405
637,-9.4691,-8.691,-0.19154
638,-9.7588,-4.4987,-0.67038
639,-9.1123,-0.79009,0.79966
640,-6.0501,-2.1284,0.2873
641,-5.6814,-1.4724,2.885
642,-14.186,-1.0774,4.8028
643,-11.784,-0.98881,0.98402
644,-9.1698,-7.1347,0.77093
645,-7.0126,-3.5698,-1.822
646,-9.5744,-3.6033,-1.9441
647,-7.9392,-3.2322,-0.90501
648,-8.7317,-3.1651,-1.0319
649,-8.7819,-3.4429,-0.043096
650,-10.063,-3.4285,-0.7015
651,-13.072,-1.4054,-1.8627
652,-11.253,-3.9935,-0.60094
653,-9.7875,-9.3589,0.72305
654,-6.3159,-5.9304,-0.90501
655,-10.932,-0.023942,1.3719
656,-6.4356,-2.0734,-0.51954
657,-4.367,-1.8435,2.2865
658,-15.265,-2.3128,4.5298
659,-13.453,-1.2091,2.1308
660,-8.1451,-9.1937,0.89783
661,-8.0756,-3.7445,-2.4134
662,-9.1363,-3.4309,-0.68474
663,-7.9009,-4.0606,-0.086191
664,-7.9511,-3.6224,-0.94571
665,-9.1626,-2.6025,-0.42377
666,-10.532,-2.9329,-1.2641
667,-12.452,-0.99599,-2.4277
668,-9.675,-4.8052,0.51715
669,-11.593,-9.426,0.49081
670,-7.6088,-4.707,-0.59376
671,-9.3015,0.59616,2.2865
672,-5.9161,-3.5027,-0.038307
673,-6.2034,-1.0989,2.0494
674,-13.18,-1.7119,6.6966
675,-12.007,-0.89783,1.2115
676,-9.8857,-8.3629,0.33519
677,-7.683,-2.2051,-2.6073
678,-8.7891,-4.0558,-0.83079
679,-6.936,-3.2465,-0.88825
680,-8.8418,-2.6456,-0.69911
681,-9.5146,-1.4006,-0.65122
682,-10.721,-2.6528,-1.4485
683,-13.575,-2.1691,-2.4948
684,-9.2943,-6.1651,-1.0606
685,-9.493,-8.1834,0.72544
686,-9.8569,-2.1572,-0.38068
687,-6.8474,-0.70629,-0.071826
688,-4.64,-1.9513,0.86909
689,-7.853,-0.74699,4.3646
690,-14.176,-1.5921,6.3231
691,-12.05,-4.9823,0.92416
692,-7.6136,-3.9983,-1.7358
693,-7.829,-2.9018,-2.9975
694,-9.1387,-4.1803,4.5897
695,-7.7452,-2.7701,-5.3941
696,-8.2049,-4.3551,1.9058
697,-10.106,-2.4924,-0.42138
698,-11.231,-1.233,-2.2482
699,-12.452,-2.1165,-1.4174
700,-9.5696,-6.9767,-2.0566
701,-8.7364,-7.7596,-0.14126
702,-9.3158,-1.0654,-1.3072
703,-6.2656,-1.336,0.088585
704,-5.2672,-1.1372,0.18435
705,-8.7747,-1.7957,3.4309
706,-13.635,-0.67995,4.7094
707,-12.471,-4.944,-0.19393
708,-6.2896,-5.6575,0.11253
709,-9.2823,-3.2705,-2.9616
710,-8.0589,-3.2657,5.1499
711,-7.7117,-3.7972,-2.964
712,-9.3326,-2.3463,1.2522
713,-9.6127,-2.4373,-0.43335
714,-12.763,-0.68474,-2.0039
715,-11.061,-4.3072,0.21548
716,-9.9024,-9.1147,-0.26336
717,-7.264,-4.8315,-1.0774
718,-10.209,0.46448,2.387
719,-5.7892,-2.3367,0.47645
720,-4.8746,-1.0654,2.0997
721,-15.548,-2.3942,7.288
722,-10.618,-0.16759,1.0295
723,-9.0237,-8.3677,-0.33519
724,-8.6407,-3.3998,-1.6688
725,-7.5633,-3.1268,0.90022
726,-7.9344,-3.1723,-3.3495
727,-8.4946,-2.9425,1.5083
728,-9.311,-1.7885,-0.80445
729,-11.394,-1.2067,-2.6983
730,-11.952,-3.0742,-1.7526
731,-9.5217,-5.3008,-0.91698
732,-10.302,-8.6862,0.4118
733,-9.4188,-2.0375,-0.41898
734,-6.9384,0.16281,-0.40701
735,-4.8914,-1.8675,0.38068
736,-7.5585,-1.2689,3.802
737,-12.905,-1.7645,4.968
738,-12.052,-6.3614,0.19393
739,-6.4739,-4.4556,-1.4892
740,-9.4308,-3.213,-2.1117
741,-7.513,-4.3455,4.2928
742,-8.4372,-2.4134,-2.5163
743,-8.4851,-3.7661,0.47405
744,-10.4,-2.8922,-0.40462
745,-13.068,-0.25857,-2.7869
746,-10.86,-4.5825,0.076614
747,-9.6438,-9.7516,0.49321
748,-7.3765,-4.5921,-2.0638
749,-10.283,-0.050278,1.9728
750,-6.4332,-3.2657,-0.34955
751,-4.8483,-1.5419,1.8747
752,-15.787,-2.581,6.5338
753,-12.936,-0.51954,0.047884
754,-9.2608,-9.1674,2.6456
755,-6.7516,-4.1156,-2.5379
756,-8.9998,-4.5131,-0.58179
757,-7.6926,-3.7876,-1.0199
758,-8.5856,-3.4285,-0.1221
759,-9.3972,-2.3846,-0.17717
760,-10.326,-3.5434,-1.3719
761,-12.809,-1.6688,-2.5522
762,-10.834,-3.3974,-0.36392
763,-9.9407,-9.821,1.2977
764,-6.7062,-4.9129,-2.1045
765,-10.398,1.1947,0.92656
766,-5.9352,-1.8842,-0.095768
767,-4.2306,-1.8052,3.5578
768,-15.443,-1.8914,5.8299
769,-11.167,-1.166,1.3384
770,-8.2025,-8.1954,-0.23942
771,-8.2696,-2.3391,-2.7318
772,-9.2392,-4.0749,1.5179
773,-8.0493,-4.2018,-1.8651
774,-8.2361,-3.3136,-0.9505
775,-8.6167,-3.7134,-0.095768
776,-11.42,-2.5618,-0.87149
777,-12.536,-1.5826,-3.1125
778,-9.596,-6.1603,-0.66559
779,-9.4499,-8.011,0.6177
780,-9.6774,-3.2034,-1.1037
781,-8.576,-0.021548,0.39744
782,-5.2122,-2.7198,0.52672
783,-5.9065,-1.5874,3.9361
784,-13.417,0.77093,3.5027
785,-13.235,-4.0342,0.89064
786,-5.9999,-6.2632,-0.31364
787,-8.6191,-3.3782,-3.6871
788,-9.1171,-2.8635,3.1005
789,-7.6878,-3.5147,-0.96965
790,-8.7149,-2.8491,0.25378
791,-8.7173,-2.9712,-0.50278
792,-11.164,-2.2003,-0.9074
793,-11.971,-1.2809,-2.375
794,-8.9783,-7.027,-0.97683
795,-8.6455,-7.4172,0.73741
796,-10.764,-1.3599,-0.7039
797,-6.6176,-1.1636,-0.69911
798,-5.2696,-2.1859,0.23463
799,-8.3941,-2.2601,3.5386
800,-15.342,-0.42617,4.1922
801,-11.016,-4.8243,-0.3711
802,-5.4372,-5.4037,-0.052672
803,-9.5098,-1.8651,-3.4189
804,-7.6974,-3.7541,1.6855
805,-8.1259,-3.8499,-1.2641
806,-8.9711,-2.8994,0.4549
807,-9.0261,-3.62,-0.019154
808,-12.704,-1.1564,-2.1332
809,-12.325,-3.5434,0.064643
810,-9.1937,-8.6814,0.31843
811,-7.2975,-5.1499,-1.5131
812,-10.958,-0.36152,1.6305
813,-6.1507,-2.3104,0.17238
814,-4.5035,-2.1069,1.4676
815,-15.826,-1.6065,5.5091
816,-11.806,-0.86191,-0.32801
817,-7.1611,-8.2361,-0.21548
818,-8.418,-3.1196,-2.3822
819,-8.8681,-3.735,-0.22027
820,-8.0924,-3.735,-1.154
821,-8.655,-3.1077,-0.41898
822,-8.8849,-3.4476,-0.31125
823,-11.123,-3.2777,-0.27294
824,-12.744,-1.7502,-2.66
825,-10.245,-4.6878,-0.71587
826,-9.8761,-7.6327,0.50518
827,-8.3007,-3.1053,-1.0702
828,-7.6279,-0.10534,0.11013
829,-6.043,-2.6217,-0.17717
830,-4.1587,-2.1955,2.5235
831,-17.581,0.35434,6.7923
832,-12.294,-3.3686,0.56743
833,-5.612,-6.2537,-0.75896
834,-8.3294,-2.9712,-3.0981
835,-8.5832,-3.0071,1.5754
836,-7.8817,-3.9768,-1.561
837,-8.5114,-3.2274,0
838,-9.3781,-2.32,-0.39265
839,-10.494,-2.8898,-1.1349
840,-12.356,-2.4517,-2.4972
841,-10.707,-4.1994,-1.1061
842,-9.2081,-7.8913,0.35913
843,-8.4324,-4.9297,-0.87388
844,-10.084,0.38547,1.245
845,-6.3351,-3.0382,0.30167
846,-4.7453,-1.4796,2.1021
847,-15.299,-2.2553,8.0948
848,-11.253,-0.60813,-0.35674
849,-7.8889,-7.7907,0.069432
850,-8.0685,-3.4979,-3.1723
851,-8.8729,-2.7318,0.35674
852,-7.6184,-4.2736,-3.0095
853,-9.3877,-2.3679,-0.14605
854,-9.0214,-3.2681,-0.19872
855,-10.494,-2.5714,-1.5036
856,-12.225,-1.8364,-2.4732
857,-11.291,-5.9185,0.062249
858,-8.3055,-7.2257,-0.083797
859,-9.1818,-4.3694,-1.0989
860,-9.2512,-0.33279,1.4006
861,-5.9879,-1.8651,-0.067038
862,-5.2481,-1.403,2.5355
863,-14.787,-2.0135,6.5697
864,-11.26,-1.2282,1.2881
865,-9.7396,-7.367,0.64643
866,-7.9128,-2.6336,-3.1388
867,-9.0142,-3.7469,-0.2466
868,-6.9336,-4.4269,-2.3679
869,-9.3087,-2.648,1.3599
870,-9.3063,-2.2673,-0.77093
871,-11.143,-1.5897,-1.3671
872,-11.796,-2.0973,-1.9728
873,-9.6582,-4.7094,-1.336
874,-10.015,-8.3342,0.18435
875,-8.8226,-2.8539,-1.0965
876,-8.4084,0.026336,1.166
877,-5.5761,-2.9281,-0.19393
878,-6.5074,-1.3096,3.1244
879,-12.225,-0.35434,5.1212
880,-11.55,-3.3854,0.047884
881,-8.0589,-6.5218,-1.3048
882,-8.1355,-3.8044,-3.7206
883,-9.5768,-2.7198,3.6033
884,-8.1379,-4.142,-1.336
885,-9.1435,-2.1644,0.99838
886,-9.1435,-2.5498,0.07422
887,-9.4236,-2.1859,-1.5682
888,-12.498,-3.3639,-2.3559
889,-10.611,-4.0462,-0.31364
890,-9.4068,-7.2233,0.4118
891,-8.5042,-5.3798,-1.4653
892,-10.499,-0.38547,0.91937
893,-7.288,-3.3519,0.11253
894,-6.4045,-1.7765,1.4174
895,-11.325,-1.8531,4.2736
896,-12.435,-0.29688,3.6655
897,-10.056,-5.2481,-0.37589
898,-8.3749,-4.6376,1.6831
899,-8.4084,-4.7645,-4.6232
900,-9.833,-3.3351,3.9265
901,-8.3701,-3.7948,-1.7286
902,-9.4691,-2.8323,0.89064
903,-8.995,-3.1627,-0.49321
904,-9.0668,-3.3232,-1.1732
905,-10.269,-1.9872,-2.0159
906,-10.896,-2.8323,-1.5107
907,-10.345,-5.6647,-0.70629
908,-8.339,-6.2944,-1.1803
909,-7.4771,-4.2066,-0.62489
910,-8.6862,-3.5362,0.5387
911,-8.8107,-3.5243,0.21548
912,-10.046,-2.2673,0.30646
913,-8.7963,-3.2944,1.913
914,-9.1794,-2.49,0.24421
915,-10.683,-4.2186,1.4126
916,-8.1738,-4.0127,-0.68235
917,-8.4515,-3.9935,0.56264
918,-9.5002,-3.7062,-0.026336
919,-8.7029,-3.5721,-0.50518
920,-9.2632,-4.367,-0.35674
921,-6.2632,-6.9815,-1.2881
922,-9.7779,-2.2362,0.69911
923,-7.7476,-5.6719,-0.77333
924,-9.7588,-2.7174,-0.18914
925,-9.0932,-3.9768,-0.44772
926,-9.1219,-3.8427,-0.39026
927,-9.1794,-4.1683,-0.29928
928,-9.2656,-3.6009,-0.51954
929,-9.5577,-3.7326,-0.29688
930,-9.165,-3.5243,-0.39983
931,-9.3829,-3.3662,-0.51475
932,-9.4954,-3.2441,-0.32322
933,-8.9998,-3.0742,-0.25139
934,-9.2536,-3.4213,-0.26336
935,-9.0764,-3.6512,-0.40223
936,-9.3087,-3.3303,-0.15083
937,-9.9455,-4.1731,0.30646
938,-9.0118,-3.7948,0.38307
939,-8.7197,-3.6583,-0.21548
940,-9.596,-4.0917,1.0894
941,-8.4036,-4.798,-1.3791
942,-9.2033,-4.8961,-0.70868
943,-8.7029,-4.774,0.67517
944,-7.4627,-5.3391,-0.32082
945,-8.9902,-4.2784,-6.0214
946,-7.5178,-2.897,-0.69192
947,-9.3206,-5.8849,0.88346
948,-9.7516,-7.0964,2.2721
949,-8.4827,-7.3598,1.6041
950,-9.8785,-6.2968,0.78769
951,-6.0118,-5.8802,-1.3695
952,-6.7852,-3.7948,0.69911
953,-12.361,-1.3695,9.4595
954,-10.827,-1.3408,1.6879
955,-13.791,-0.97923,10.913
956,-9.6438,0.24421,7.3789
957,-3.2417,-1.4174,9.7899
958,1.6185,0.7829,4.9608
959,-0.16999,4.1444,2.1524
960,0.24421,3.2178,7.0222
961,4.8961,14.478,9.4571
962,6.766,19.34,11.504
963,1.8004,7.3574,10.618
964,-4.2401,-8.0828,1.585
965,-5.8395,-13.915,-4.7118
966,-2.5187,-10.458,-3.7014
967,-1.4293,-20.257,7.604
968,25.611,-4.2617,34.984
969,32.485,53.178,37.153
970,18.359,23.913,25.072
971,-1.7693,-15.704,5.9256
972,-0.60334,-6.8666,0.61052
973,-0.14365,5.0182,-2.8826
974,4.5059,8.5593,4.9249
975,-0.098162,6.213,3.6176
976,-0.6201,10.094,5.3439
977,1.4269,6.9145,7.2496
978,-0.66319,7.0102,4.707
979,1.7597,8.1092,5.0805
980,1.1708,7.5585,7.173
